case_id,primary_flag,stage_eligible,second_stage_indicator,clock_flag,issue_date,notification_date,visit_date,report_date,decision_date
C001,1,1,0,0,2025-01-02,2025-01-03,2025-01-06,2025-01-08,2025-01-12
C002,1,1,0,1,2025-01-05,2025-01-05,2025-01-10,2025-01-13,2025-01-20
C003,1,1,0,1,2025-01-08,2025-01-09,2025-01-14,2025-01-18,2025-01-25
C004,1,0,0,,2025-01-10,,,,2025-01-30
C005,1,1,1,1,2025-04-01,2025-04-02,2025-04-04,2025-04-08,2025-04-15
C006,1,1,0,0,2025-04-04,2025-04-05,2025-04-07,2025-04-09,2025-04-14
C007,1,1,0,1,2025-04-10,2025-04-11,2025-04-16,2025-04-20,2025-04-27
C008,1,0,0,,2025-04-12,,,,2025-05-01
C009,0,0,0,,2025-07-01,,,,
C010,1,1,0,0,2025-07-03,2025-07-04,2025-07-07,2025-07-10,2025-07-15
C011,1,1,0,0,2025-07-05,2025-07-06,2025-07-08,2025-07-11,2025-07-16
C012,1,1,1,1,2025-07-08,2025-07-09,2025-07-13,2025-07-17,2025-07-24
